"Date",
"2022-09-08 19:27:20",
"2022-02-14 10:47:52",
"2022-06-05 09:47:06",
"2022-08-07 07:06:51",
"2022-04-23 04:22:36",
"2022-03-26 19:52:43",
"2022-04-07 18:05:51",
"2022-12-11 19:56:57",
"2022-11-01 06:03:33",
"2022-11-13 05:46:40",
"2022-03-08 04:07:06",
"2022-07-23 16:56:15",
"2022-04-01 16:19:48",
"2022-01-23 07:11:12",
"2022-04-26 08:41:56",
"2022-03-13 05:25:02",
"2022-10-22 18:54:51",
"2022-05-22 02:37:26",
"2022-07-07 12:44:16",
"2022-08-07 10:34:28",
"2022-12-16 17:11:56",
"2022-09-08 08:08:31",
"2022-07-25 08:23:07",
"2022-10-09 08:09:58",
"2022-05-13 11:05:53",
"2022-08-02 10:05:16",
"2022-05-27 12:12:36",
"2022-03-15 11:28:32",
"2022-02-25 04:48:49",
"2022-10-14 05:59:06",
"2022-01-06 12:33:39",
"2022-12-11 07:24:30",
"2022-02-02 11:06:22",
"2022-06-20 16:57:23",
"2022-09-24 04:04:07",
"2022-05-14 02:39:00",
"2022-02-07 07:57:26",
"2022-11-09 08:17:34",
"2022-06-01 16:28:09",
"2022-01-06 07:23:22",
"2022-01-07 12:28:27",
"2022-09-19 22:06:35",
"2022-07-09 20:03:04",
"2022-06-02 19:31:52",
"2022-04-12 07:14:29",
"2022-04-21 16:11:05",
"2022-04-23 15:52:55",
"2022-02-15 07:58:00",
"2022-07-27 02:18:27",
"2022-10-22 00:57:45",
"2022-09-28 20:37:36",
"2022-02-10 02:40:50",
"2022-07-14 12:25:23",
"2022-05-20 14:31:33",
"2022-03-18 12:17:19",
"2022-11-13 13:10:22",
"2022-03-28 18:09:01",
"2022-11-27 09:06:22",
"2022-08-23 19:55:45",
"2022-11-29 15:02:36",
"2022-10-12 21:54:28",
"2022-12-08 00:26:24",
"2022-02-16 14:58:58",
"2022-09-09 11:56:32",
"2022-12-01 18:46:32",
"2022-05-16 12:25:44",
"2022-05-08 06:51:31",
"2022-12-10 03:15:54",
"2022-08-06 09:26:26",
"2022-06-06 17:38:45",
"2022-10-19 17:57:23",
"2022-07-12 20:47:22",
"2022-10-03 21:54:29",
"2022-02-28 06:35:18",
"2022-07-01 05:10:13",
"2022-11-09 10:22:27",
"2022-03-07 22:02:17",
"2022-06-06 16:57:23",
"2022-02-21 16:40:28",
"2022-09-04 00:03:22",
"2022-08-25 23:12:17",
"2022-11-18 15:56:43",
"2022-05-31 21:43:22",
"2022-12-05 23:24:28",
"2022-05-30 10:28:20",
"2022-01-17 16:16:17",
"2022-07-05 01:17:21",
"2022-09-02 19:00:47",
"2022-02-05 20:06:31",
"2022-07-30 13:17:24",
"2022-02-04 07:03:33",
"2022-10-11 09:08:57",
"2022-02-21 00:33:31",
"2022-03-11 12:00:26",
"2022-08-17 23:41:01",
"2022-07-22 23:17:35",
"2022-01-01 10:54:34",
"2022-01-04 23:11:17",
"2022-01-27 01:17:16",
"2022-07-22 03:51:08",
"2022-10-31 10:03:13",
"2022-08-14 02:38:12",
"2022-02-22 12:41:46",
"2022-06-09 16:53:51",
"2022-02-25 01:52:26",
"2022-09-19 21:48:40",
"2022-05-13 18:03:21",
"2022-10-23 11:29:48",
"2022-05-09 09:42:58",
"2022-05-18 23:58:47",
"2022-03-20 05:27:34",
"2022-09-14 00:49:07",
"2022-09-15 08:42:06",
"2022-08-06 19:21:30",
"2022-11-07 14:54:46",
"2022-05-27 16:56:43",
"2022-02-14 07:28:22",
"2022-01-15 16:18:55",
"2022-09-03 18:31:09",
"2022-04-24 07:10:33",
"2022-06-08 18:42:12",
"2022-07-04 07:10:04",
"2022-02-03 23:44:36",
"2022-11-26 20:40:13",
"2022-06-23 07:48:14",
"2022-04-04 07:28:42",
"2022-12-01 09:57:48",
"2022-10-26 08:44:41",
"2022-06-16 00:09:21",
"2022-03-20 19:30:16",
"2022-01-04 12:55:40",
"2022-12-19 21:43:11",
"2022-12-09 10:34:24",
"2022-04-08 14:41:49",
"2022-07-08 11:58:53",
"2022-04-29 22:16:45",
"2022-05-01 00:55:43",
"2022-02-23 01:57:41",
"2022-01-07 22:12:02",
"2022-02-05 20:44:03",
"2022-12-01 02:18:28",
"2022-12-22 20:37:04",
"2022-11-24 03:03:33",
"2022-10-27 09:15:49",
"2022-09-03 01:35:03",
"2022-01-26 20:40:47",
"2022-10-23 07:34:44",
"2022-04-27 23:21:41",
"2022-02-27 02:31:59",
"2022-10-03 21:53:26",
"2022-12-19 08:04:48",
"2022-09-26 23:27:03",
"2022-12-14 11:23:02",
"2022-10-08 23:31:42",
"2022-09-06 18:30:52",
"2022-10-15 23:26:48",
"2022-05-14 14:41:28",
"2022-12-10 12:07:04",
"2022-07-13 00:44:03",
"2022-01-20 17:01:48",
"2022-01-26 12:37:09",
"2022-01-26 22:12:52",
"2022-11-14 05:22:41",
"2022-09-29 05:07:35",
"2022-11-19 00:35:03",
"2022-02-12 10:59:45",
"2022-10-08 09:36:28",
"2022-03-30 02:53:18",
"2022-11-30 09:16:48",
"2022-01-11 08:35:16",
"2022-12-25 00:58:40",
"2022-09-08 16:47:58",
"2022-04-01 04:10:09",
"2022-05-02 03:44:25",
"2022-01-08 01:59:14",
"2022-07-03 20:54:28",
"2022-08-11 03:44:14",
"2022-10-27 07:16:05",
"2022-01-30 22:05:41",
"2022-03-25 18:44:05",
"2022-07-27 22:44:53",
"2022-06-01 22:08:45",
"2022-04-11 06:52:27",
"2022-06-26 14:59:39",
"2022-02-03 22:19:58",
"2022-07-28 04:00:19",
"2022-04-17 08:25:16",
"2022-09-28 21:54:57",
"2022-12-22 23:40:09",
"2022-10-06 04:59:25",
"2022-12-31 17:05:53",
"2022-02-19 04:29:18",
"2022-03-27 16:46:21",
"2022-08-31 02:27:05",
"2022-03-20 02:27:28",
"2022-04-13 20:25:48",
"2022-02-09 20:16:26",
"2022-08-11 10:24:46",
"2022-10-10 02:50:09",
"2022-01-02 18:21:47",
"2022-02-10 21:11:22",
"2022-07-20 02:01:48",
"2022-10-13 01:39:16",
"2022-07-17 12:12:26",
"2022-07-01 08:48:56",
"2022-06-29 06:40:12",
"2022-08-05 05:55:39",
"2022-11-07 21:22:08",
"2022-01-08 09:34:36",
"2022-07-15 08:04:58",
"2022-09-20 19:19:36",
"2022-04-30 22:44:48",
"2022-04-25 13:09:51",
"2022-12-01 20:24:03",
"2022-06-28 12:22:17",
"2022-03-11 15:56:57",
"2022-03-31 14:59:18",
"2022-12-18 05:15:20",
"2022-12-13 12:06:20",
"2022-04-16 20:12:50",
"2022-10-31 10:13:34",
"2022-07-23 11:23:46",
"2022-11-14 02:11:53",
"2022-11-14 11:15:52",
"2022-07-04 04:25:35",
"2022-09-09 07:34:47",
"2022-09-07 06:03:13",
"2022-08-18 17:26:14",
"2022-02-03 10:55:04",
"2022-06-05 23:42:22",
"2022-10-06 02:31:42",
"2022-04-20 08:38:57",
"2022-03-16 12:04:47",
"2022-03-02 20:26:15",
"2022-07-13 01:41:58",
"2022-07-07 13:40:21",
"2022-01-03 03:13:32",
"2022-02-25 01:34:20",
"2022-04-21 00:32:22",
"2022-01-27 10:50:21",
"2022-05-08 03:08:43",
"2022-09-04 14:53:21",
"2022-06-15 04:46:16",
"2022-06-03 23:48:34",
"2022-03-12 07:17:54",
"2022-01-09 08:49:43",
"2022-11-25 13:38:43",
"2022-09-09 19:42:56",
"2022-06-04 00:30:12",
"2022-01-28 14:35:36",
"2022-02-03 23:01:28",
"2022-02-16 12:23:39",
"2022-08-05 00:49:08",
"2022-07-31 20:55:54",
"2022-01-04 01:36:23",
"2022-09-13 00:02:48",
"2022-01-30 15:11:07",
"2022-03-21 19:41:49",
"2022-10-19 00:21:06",
"2022-03-02 22:49:49",
"2022-11-10 17:38:40",
"2022-12-22 15:12:08",
"2022-10-20 06:01:22",
"2022-03-29 19:03:26",
"2022-07-21 15:36:12",
"2022-08-27 01:07:51",
"2022-03-29 02:06:47",
"2022-02-03 01:37:31",
"2022-06-16 20:37:40",
"2022-12-28 04:47:30",
"2022-04-23 01:40:30",
"2022-05-29 13:02:18",
"2022-01-19 11:16:08",
"2022-06-20 23:44:11",
"2022-08-10 18:09:36",
"2022-04-08 10:21:38",
"2022-02-26 05:29:48",
"2022-01-03 15:41:41",
"2022-04-11 06:50:22",
"2022-11-02 14:35:21",
"2022-12-26 22:54:04",
"2022-09-23 09:16:35",
"2022-08-12 15:39:28",
"2022-03-02 22:49:16",
"2022-01-06 06:26:58",
"2022-06-18 02:57:54",
"2022-02-13 22:55:20",
"2022-07-13 19:01:20",
"2022-11-22 09:13:19",
"2022-04-12 17:46:09",
"2022-09-29 21:19:26",
"2022-02-25 23:23:56",
"2022-08-15 10:28:03",
"2022-11-07 14:26:17",
"2022-09-18 19:33:22",
"2022-08-08 08:25:57",
"2022-09-01 20:30:41",
"2022-09-13 06:27:58",
"2022-03-07 08:27:17",
"2022-10-01 06:20:04",
"2022-07-27 00:14:54",
"2022-02-16 17:41:41",
"2022-07-28 05:29:21",
"2022-01-16 03:31:55",
"2022-04-18 06:52:41",
"2022-08-18 04:27:59",
"2022-04-12 10:49:23",
"2022-06-12 08:47:06",
"2022-04-26 11:06:41",
"2022-02-28 13:41:35",
"2022-03-01 03:25:06",
"2022-02-19 18:37:55",
"2022-01-19 17:27:04",
"2022-05-13 03:24:38",
"2022-05-24 09:10:12",
"2022-01-15 21:10:26",
"2022-11-30 13:56:58",
"2022-04-02 12:01:00",
"2022-07-08 05:52:24",
"2022-05-01 11:17:00",
"2022-09-08 11:46:25",
"2022-08-30 13:47:59",
"2022-04-20 12:05:15",
"2022-03-30 11:46:45",
"2022-03-01 22:31:24",
"2022-09-25 00:34:48",
"2022-08-27 15:16:51",
"2022-10-13 05:55:16",
"2022-12-11 12:41:37",
"2022-04-07 04:17:18",
"2022-07-11 05:59:46",
"2022-01-10 03:45:23",
"2022-11-20 10:41:46",
"2022-05-20 20:08:26",
"2022-09-08 14:16:28",
"2022-12-16 02:47:10",
"2022-11-01 04:05:19",
"2022-04-17 20:43:42",
"2022-02-23 03:53:49",
"2022-11-03 01:37:20",
"2022-01-16 05:49:13",
"2022-03-26 20:41:28",
"2022-03-14 23:17:13",
"2022-08-20 06:03:24",
"2022-12-24 19:34:30",
"2022-02-04 14:47:22",
"2022-09-24 22:00:42",
"2022-03-14 06:02:33",
"2022-02-01 07:22:49",
"2022-04-04 16:00:54",
"2022-07-17 08:16:47",
"2022-02-14 16:28:44",
"2022-11-27 05:08:33",
"2022-07-17 18:25:31",
"2022-02-17 02:30:05",
"2022-04-20 03:16:51",
"2022-01-30 10:59:17",
"2022-07-04 06:29:32",
"2022-08-19 01:50:35",
"2022-01-19 04:21:14",
"2022-08-22 16:25:02",
"2022-01-08 07:35:54",
"2022-11-29 15:29:39",
"2022-03-20 14:11:21",
"2022-08-11 06:16:37",
"2022-08-24 12:45:22",
"2022-09-12 11:45:52",
"2022-09-16 04:16:56",
"2022-03-23 07:35:48",
"2022-03-06 17:45:03",
"2022-06-02 12:55:12",
"2022-07-31 03:08:12",
"2022-02-01 10:50:29",
"2022-03-28 17:09:52",
"2022-12-17 16:03:02",
"2022-03-28 19:10:56",
"2022-12-30 23:48:34",
"2022-08-30 08:07:35",
"2022-03-09 23:26:44",
"2022-03-28 03:18:55",
"2022-04-16 00:37:09",
"2022-08-15 03:08:38",
"2022-07-22 20:16:24",
"2022-05-21 17:28:48",
"2022-06-07 10:41:54",
"2022-12-04 21:01:10",
"2022-03-10 14:42:10",
"2022-08-21 05:46:38",
"2022-10-15 16:18:12",
"2022-07-13 08:50:18",
"2022-05-16 23:19:34",
"2022-07-01 02:28:07",
"2022-04-12 02:41:38",
"2022-01-28 01:41:41",
"2022-07-04 02:25:55",
"2022-09-13 00:30:03",
"2022-08-05 05:57:58",
"2022-09-21 09:14:24",
"2022-10-20 02:23:12",
"2022-07-15 03:57:57",
"2022-04-19 08:59:25",
"2022-01-13 07:01:55",
"2022-04-26 11:52:35",
"2022-11-19 12:18:34",
"2022-02-14 02:57:19",
"2022-01-13 06:22:31",
"2022-09-03 05:07:20",
"2022-01-25 21:23:38",
"2022-12-13 18:21:01",
"2022-01-29 06:37:19",
"2022-11-14 23:06:18",
"2022-11-05 21:37:40",
"2022-04-08 19:30:55",
"2022-03-01 19:19:30",
"2022-11-09 05:23:39",
"2022-10-03 19:50:02",
"2022-04-19 01:23:37",
"2022-11-22 12:21:28",
"2022-11-04 20:38:34",
"2022-01-25 03:55:06",
"2022-01-03 17:41:11",
"2022-06-05 21:31:43",
"2022-11-10 12:52:18",
"2022-09-30 09:11:27",
"2022-12-26 21:15:46",
"2022-08-21 21:53:08",
"2022-07-07 04:32:20",
"2022-02-09 21:57:40",
"2022-02-01 07:19:41",
"2022-08-06 01:35:28",
"2022-10-26 12:32:45",
"2022-01-31 02:38:11",
"2022-04-13 10:57:11",
"2022-04-11 23:03:05",
"2022-09-11 14:11:27",
"2022-10-15 09:32:00",
"2022-01-10 04:26:29",
"2022-01-11 17:48:39",
"2022-06-06 10:11:55",
"2022-05-14 04:53:34",
"2022-11-25 16:14:25",
"2022-03-23 17:43:05",
"2022-01-16 14:08:46",
"2022-01-05 19:16:24",
"2022-04-12 16:45:08",
"2022-03-21 05:16:28",
"2022-12-15 21:24:11",
"2022-10-02 14:33:08",
"2022-06-26 14:28:49",
"2022-05-07 01:42:47",
"2022-02-11 21:54:21",
"2022-09-21 12:41:15",
"2022-12-02 21:16:14",
"2022-10-26 23:50:31",
"2022-04-15 01:47:30",
"2022-10-11 08:07:47",
"2022-11-14 03:39:03",
"2022-03-22 18:33:24",
"2022-01-15 05:18:48",
"2022-12-10 23:38:53",
"2022-02-17 02:54:03",
"2022-08-10 08:57:26",
"2022-10-03 12:43:06",
"2022-06-21 12:38:52",
"2022-05-09 00:56:51",
"2022-08-20 08:13:24",
"2022-02-02 19:26:14",
"2022-01-04 04:25:14",
"2022-01-05 22:22:02",
"2022-06-05 23:17:28",
"2022-04-21 12:29:54",
"2022-11-14 04:37:58",
"2022-01-29 01:48:15",
"2022-11-30 03:05:38",
"2022-02-24 03:16:42",
"2022-10-06 11:10:53",
"2022-03-04 03:02:29",
"2022-02-12 12:58:50",
"2022-04-10 21:24:20",
"2022-07-17 01:54:42",
"2022-10-03 03:20:48",
"2022-10-02 12:01:10",
"2022-05-23 00:44:48",
"2022-10-26 04:24:40",
"2022-02-10 03:40:41",
"2022-11-09 16:56:09",
"2022-02-24 14:39:51",
"2022-04-30 09:25:42",
"2022-08-20 01:37:41",
"2022-08-30 13:09:27",
"2022-09-13 03:38:45",
"2022-09-14 11:04:38",
"2022-10-11 20:02:25",
"2022-03-08 15:07:05",
"2022-05-17 17:34:58",
"2022-04-22 05:14:02",
"2022-11-21 05:21:17",
"2022-01-08 10:51:30",
"2022-03-02 19:31:31",
"2022-12-26 22:20:12",
"2022-08-17 22:05:12",
"2022-06-12 00:27:04",
"2022-04-10 11:02:44",
"2022-07-23 02:28:47",
"2022-03-04 13:12:38",
"2022-03-15 19:40:38",
"2022-12-25 10:47:04",
"2022-01-03 23:25:41",
"2022-02-01 00:32:00",
"2022-04-03 03:29:36",
"2022-09-10 17:15:50",
"2022-10-24 18:29:26",
"2022-02-16 04:05:09",
"2022-08-30 01:53:57",
"2022-11-16 09:50:42",
"2022-02-27 15:28:06",
"2022-11-18 18:00:17",
"2022-03-28 11:25:08",
"2022-03-18 02:44:09",
"2022-11-07 15:13:23",
"2022-11-16 08:39:01",
"2022-01-03 09:57:52",
"2022-09-16 04:07:50",
"2022-05-24 20:21:03",
"2022-04-20 19:19:40",
"2022-06-11 17:13:52",
"2022-07-27 14:24:08",
"2022-04-03 17:24:43",
"2022-01-15 16:22:04",
"2022-03-08 00:11:51",
"2022-07-02 07:52:46",
"2022-01-11 06:24:10",
"2022-05-29 05:56:26",
"2022-11-25 04:54:35",
"2022-11-07 19:53:21",
"2022-01-23 23:48:54",
"2022-08-01 15:56:19",
"2022-03-24 04:53:39",
"2022-02-20 18:33:09",
"2022-06-09 07:38:45",
"2022-11-08 21:49:45",
"2022-06-02 10:00:36",
"2022-10-17 16:52:03",
"2022-05-11 03:31:07",
"2022-05-07 17:07:05",
"2022-04-16 05:57:31",
"2022-06-06 16:16:35",
"2022-02-02 00:30:55",
"2022-09-12 20:54:15",
"2022-02-09 23:07:56",
"2022-02-19 06:19:18",
"2022-06-05 10:06:56",
"2022-01-29 14:04:20",
"2022-12-23 17:48:02",
"2022-02-03 09:56:58",
"2022-07-18 10:26:29",
"2022-02-28 06:25:51",
"2022-12-20 14:02:21",
"2022-12-06 04:26:43",
"2022-12-06 20:14:23",
"2022-07-16 08:49:04",
"2022-10-11 08:54:29",
"2022-05-31 23:59:24",
"2022-07-12 10:07:59",
"2022-01-16 12:07:02",
"2022-06-10 05:44:28",
"2022-02-03 01:29:14",
"2022-12-26 15:29:58",
"2022-01-17 02:42:54",
"2022-02-01 11:44:22",
"2022-12-08 09:29:20",
"2022-12-28 00:20:25",
"2022-03-11 12:14:33",
"2022-07-08 16:06:45",
"2022-03-03 20:54:44",
"2022-01-19 17:03:44",
"2022-09-23 22:08:57",
"2022-07-01 15:50:31",
"2022-07-06 08:55:33",
"2022-02-22 22:21:37",
"2022-06-27 00:43:16",
"2022-01-15 03:46:54",
"2022-11-05 02:56:05",
"2022-01-19 01:04:29",
"2022-02-01 08:47:07",
"2022-01-10 00:34:30",
"2022-06-14 21:46:54",
"2022-07-01 12:29:40",
"2022-08-03 10:13:21",
"2022-03-10 00:12:30",
"2022-04-22 09:38:56",
"2022-03-03 17:54:43",
"2022-02-10 02:29:10",
"2022-09-20 09:22:12",
"2022-05-23 13:15:49",
"2022-12-20 01:08:25",
"2022-03-25 17:26:33",
"2022-10-25 03:06:25",
"2022-01-12 18:21:50",
"2022-12-17 19:28:19",
"2022-05-23 21:51:59",
"2022-06-29 22:43:49",
"2022-08-04 05:40:04",
"2022-05-16 17:18:46",
"2022-09-11 05:55:23",
"2022-12-22 08:13:32",
"2022-09-27 18:39:24",
"2022-07-08 10:41:40",
"2022-10-12 11:08:57",
"2022-12-06 19:23:29",
"2022-02-18 11:22:52",
"2022-05-16 01:45:56",
"2022-07-23 02:55:18",
"2022-06-26 02:49:21",
"2022-05-14 12:32:14",
"2022-06-10 09:30:41",
"2022-02-19 20:14:55",
"2022-08-07 17:17:44",
"2022-12-12 18:19:59",
"2022-06-15 18:56:00",
"2022-02-10 16:21:49",
"2022-07-09 01:14:44",
"2022-03-02 03:50:47",
"2022-07-29 13:19:34",
"2022-02-19 22:49:54",
"2022-10-19 04:49:04",
"2022-05-06 20:29:10",
"2022-02-01 18:07:25",
"2022-05-09 03:45:51",
"2022-06-06 12:06:45",
"2022-12-22 06:56:31",
"2022-06-19 20:42:11",
"2022-11-17 00:32:51",
"2022-03-27 08:17:37",
"2022-12-21 07:17:03",
"2022-01-06 06:38:53",
"2022-09-04 15:26:16",
"2022-03-24 14:09:43",
"2022-08-01 09:59:39",
"2022-06-11 00:52:46",
"2022-05-31 23:28:17",
"2022-05-14 01:14:23",
"2022-04-14 22:22:14",
"2022-10-05 10:32:33",
"2022-11-11 23:21:26",
"2022-02-02 08:57:10",
"2022-02-16 02:10:51",
"2022-08-24 18:13:37",
"2022-08-01 21:21:23",
"2022-07-03 06:01:10",
"2022-11-06 07:12:42",
"2022-07-04 12:38:35",
"2022-04-01 12:26:16",
"2022-08-15 09:59:29",
"2022-08-22 04:08:53",
"2022-03-10 07:09:07",
"2022-02-05 20:55:36",
"2022-06-07 07:09:29",
"2022-01-18 13:29:16",
"2022-03-07 07:13:41",
"2022-08-07 11:23:10",
"2022-09-11 04:01:23",
"2022-01-28 21:33:40",
"2022-08-24 10:45:00",
"2022-04-11 03:48:34",
"2022-01-06 12:27:19",
"2022-05-25 13:42:32",
"2022-11-08 11:22:12",
"2022-07-27 16:52:51",
"2022-08-07 15:17:08",
"2022-12-30 03:39:51",
"2022-11-13 02:28:43",
"2022-12-25 07:27:49",
"2022-07-28 09:32:19",
"2022-10-08 10:13:24",
"2022-10-18 00:17:29",
"2022-09-17 04:46:40",
"2022-10-27 04:51:05",
"2022-12-16 06:57:37",
"2022-09-23 13:53:09",
"2022-04-21 00:58:21",
"2022-08-07 03:57:43",
"2022-06-08 18:35:49",
"2022-08-21 14:39:23",
"2022-07-01 17:41:48",
"2022-03-29 20:35:33",
"2022-05-09 10:53:17",
"2022-09-10 06:19:26",
"2022-02-14 14:30:00",
"2022-04-19 13:28:16",
"2022-01-27 20:09:40",
"2022-11-27 19:14:33",
"2022-11-18 15:31:44",
"2022-03-18 16:04:58",
"2022-12-25 23:07:03",
"2022-04-01 18:48:49",
"2022-06-07 16:24:12",
"2022-06-04 21:00:54",
"2022-01-02 10:08:44",
"2022-01-29 06:47:04",
"2022-06-10 17:35:31",
"2022-12-30 12:44:26",
"2022-04-08 08:30:22",
"2022-09-26 19:00:25",
"2022-12-07 17:19:40",
"2022-07-22 07:18:22",
"2022-02-16 10:55:07",
"2022-05-10 21:13:55",
"2022-03-03 23:06:18",
"2022-12-21 09:27:02",
"2022-12-07 19:56:42",
"2022-11-27 14:01:08",
"2022-12-07 08:39:06",
"2022-11-25 13:49:30",
"2022-06-22 02:49:31",
"2022-07-16 11:07:45",
"2022-12-12 22:44:57",
"2022-06-16 00:52:34",
"2022-11-15 20:32:50",
"2022-03-23 22:21:43",
"2022-04-30 18:02:22",
"2022-01-26 20:18:03",
"2022-08-21 13:28:07",
"2022-10-07 23:02:17",
"2022-08-04 06:51:58",
"2022-07-16 12:03:19",
"2022-06-09 15:27:07",
"2022-01-28 23:55:53",
"2022-09-07 20:20:00",
"2022-10-07 05:06:51",
"2022-04-01 00:16:19",
"2022-05-16 15:55:07",
"2022-07-10 22:09:42",
"2022-01-23 17:52:26",
"2022-09-26 14:29:53",
"2022-08-14 16:53:22",
"2022-09-17 17:01:41",
"2022-07-08 22:52:44",
"2022-09-06 08:58:53",
"2022-09-03 19:40:19",
"2022-08-24 01:26:05",
"2022-01-11 01:37:07",
"2022-06-08 06:52:27",
"2022-10-09 00:48:17",
"2022-03-20 13:32:18",
"2022-03-10 13:05:11",
"2022-10-02 00:51:53",
"2022-03-23 07:08:01",
"2022-08-04 01:43:59",
"2022-02-11 11:15:51",
"2022-08-05 04:43:15",
"2022-06-12 08:01:15",
"2022-12-02 08:11:04",
"2022-06-18 05:56:08",
"2022-09-27 18:38:09",
"2022-09-16 05:21:13",
"2022-02-25 20:40:22",
"2022-01-01 07:00:35",
"2022-09-09 22:20:06",
"2022-09-29 20:27:10",
"2022-10-28 05:05:14",
"2022-01-11 04:15:06",
"2022-05-17 22:22:37",
"2022-04-26 03:01:38",
"2022-03-19 17:07:24",
"2022-05-09 10:54:41",
"2022-06-17 09:06:28",
"2022-12-30 09:15:41",
"2022-03-18 09:37:47",
"2022-06-10 11:36:05",
"2022-09-15 16:54:34",
"2022-06-14 20:11:41",
"2022-06-15 19:27:25",
"2022-01-14 08:14:31",
"2022-05-13 17:00:35",
"2022-02-23 06:00:53",
"2022-10-19 09:11:30",
"2022-07-29 05:53:17",
"2022-01-08 12:44:20",
"2022-06-17 11:52:03",
"2022-07-24 10:05:43",
"2022-09-20 08:28:25",
"2022-06-17 04:09:55",
"2022-11-06 14:40:39",
"2022-03-11 16:13:33",
"2022-08-05 05:32:24",
"2022-11-18 21:14:17",
"2022-03-29 05:53:56",
"2022-06-14 22:00:31",
"2022-03-26 16:43:35",
"2022-11-18 10:08:39",
"2022-11-24 13:58:08",
"2022-07-24 20:26:03",
"2022-12-15 09:24:54",
"2022-08-31 12:17:08",
"2022-09-29 00:55:18",
"2022-05-15 09:24:43",
"2022-08-09 02:53:04",
"2022-02-18 20:37:44",
"2022-06-12 18:23:14",
"2022-12-09 02:14:50",
"2022-05-29 22:56:51",
"2022-03-23 10:18:26",
"2022-08-12 23:39:40",
"2022-01-21 18:48:44",
"2022-06-03 00:41:45",
"2022-01-28 04:19:55",
"2022-12-15 17:48:43",
"2022-04-28 00:35:49",
"2022-09-19 04:38:37",
"2022-03-11 21:32:21",
"2022-10-05 23:50:08",
"2022-09-28 21:18:10",
"2022-05-11 05:32:33",
"2022-10-26 02:06:22",
"2022-10-17 17:22:48",
"2022-08-25 12:19:08",
"2022-08-23 17:37:18",
"2022-08-26 19:38:34",
"2022-03-15 09:06:24",
"2022-11-17 11:41:42",
"2022-04-11 05:35:38",
"2022-05-04 20:59:34",
"2022-04-27 19:16:33",
"2022-09-09 22:38:24",
"2022-10-01 06:42:46",
"2022-08-23 15:55:47",
"2022-06-21 22:43:42",
"2022-09-11 13:16:55",
"2022-09-15 13:41:18",
"2022-09-14 10:33:49",
"2022-02-28 13:46:29",
"2022-05-20 23:22:49",
"2022-10-06 07:44:24",
"2022-08-10 09:09:54",
"2022-06-28 14:37:27",
"2022-03-03 11:13:48",
"2022-08-14 19:24:02",
"2022-11-12 19:47:00",
"2022-10-11 06:30:38",
"2022-11-19 09:03:52",
"2022-02-10 16:33:01",
"2022-09-03 06:50:45",
"2022-04-27 03:54:55",
"2022-11-05 03:14:02",
"2022-03-25 03:06:09",
"2022-11-20 01:27:59",
"2022-08-10 10:23:23",
"2022-11-14 11:26:28",
"2022-08-03 08:59:07",
"2022-05-12 16:55:32",
"2022-09-14 07:05:21",
"2022-03-23 18:50:39",
"2022-04-12 12:13:25",
"2022-06-07 02:13:29",
"2022-07-22 09:07:07",
"2022-12-25 01:35:38",
"2022-10-06 10:11:24",
"2022-04-23 21:48:56",
"2022-09-25 21:22:27",
"2022-06-13 21:54:09",
"2022-06-04 00:30:17",
"2022-10-24 09:49:11",
"2022-01-08 15:58:24",
"2022-04-28 04:58:54",
"2022-08-30 10:35:36",
"2022-09-26 00:29:17",
"2022-07-16 12:41:05",
"2022-03-27 04:08:54",
"2022-03-09 21:57:50",
"2022-09-06 13:42:36",
"2022-07-03 10:18:54",
"2022-08-23 12:08:31",
"2022-04-23 05:44:32",
"2022-08-07 23:11:51",
"2022-04-10 02:20:40",
"2022-10-10 16:40:32",
"2022-12-27 18:15:32",
"2022-03-20 06:02:31",
"2022-05-09 02:11:50",
"2022-03-23 17:36:37",
"2022-09-29 18:31:19",
"2022-01-31 22:19:57",
"2022-02-07 20:49:50",
"2022-08-02 12:37:37",
"2022-09-17 04:53:47",
"2022-04-25 00:58:41",
"2022-07-20 10:44:09",
"2022-09-11 21:48:12",
"2022-10-29 21:39:18",
"2022-06-25 04:52:01",
"2022-07-25 13:09:55",
"2022-08-11 18:47:57",
"2022-10-27 15:50:56",
"2022-12-28 06:15:54",
"2022-04-18 04:14:31",
"2022-02-14 06:40:53",
"2022-03-06 09:10:00",
"2022-12-29 23:19:45",
"2022-07-02 11:33:54",
"2022-01-15 23:43:13",
"2022-09-07 05:35:06",
"2022-02-10 16:33:55",
"2022-11-11 21:25:29",
"2022-08-12 08:37:17",
"2022-10-05 11:46:39",
"2022-04-10 10:42:13",
"2022-05-28 02:08:57",
"2022-07-12 05:49:03",
"2022-04-11 22:26:47",
"2022-05-01 10:32:57",
"2022-10-14 20:59:32",
"2022-08-06 14:11:45",
"2022-02-27 18:06:34",
"2022-05-04 11:52:23",
"2022-04-23 05:00:24",
"2022-04-09 09:04:34",
"2022-04-18 21:16:07",
"2022-01-08 16:32:34",
"2022-01-23 05:12:56",
"2022-02-08 17:00:57",
"2022-05-12 06:39:38",
"2022-06-13 01:44:55",
"2022-11-25 04:55:13",
"2022-07-23 06:57:06",
"2022-01-09 02:21:41",
"2022-01-01 16:46:02",
"2022-08-01 23:08:47",
"2022-02-20 07:24:15",
"2022-10-07 17:58:46",
"2022-04-02 19:52:55",
"2022-12-06 13:50:27",
"2022-08-24 09:38:50",
"2022-01-05 11:17:08",
"2022-09-16 03:14:48",
"2022-03-19 09:33:06",
"2022-08-24 17:59:09",
"2022-12-19 20:54:40",
"2022-03-18 04:02:56",
"2022-12-05 21:46:43",
"2022-01-03 04:09:10",
"2022-05-16 12:05:55",
"2022-04-09 13:33:17",
"2022-02-22 12:46:01",
"2022-06-13 11:27:11",
"2022-05-30 17:22:00",
"2022-04-29 11:29:49",
"2022-11-20 08:08:25",
"2022-04-16 17:58:10",
"2022-10-28 22:06:08",
"2022-01-15 14:34:43",
"2022-04-16 02:19:25",
"2022-09-03 01:48:36",
"2022-04-09 14:39:07",
"2022-05-03 00:35:32",
"2022-07-19 12:23:12",
"2022-06-22 15:56:52",
"2022-03-18 20:14:38",
"2022-10-14 19:20:23",
"2022-11-05 03:14:28",
"2022-06-05 03:27:26",
"2022-06-01 19:01:55",
"2022-04-10 19:21:23",
"2022-10-16 23:05:21",
"2022-01-24 23:33:10",
"2022-03-03 05:57:28",
"2022-07-02 09:08:50",
"2022-11-14 19:38:04",
"2022-02-23 02:45:20",
"2022-08-17 06:35:56",
"2022-07-11 18:55:08",
"2022-07-13 12:23:15",
"2022-06-20 13:00:10",
"2022-08-18 07:26:28",
"2022-04-02 09:11:42",
"2022-04-08 22:12:35",
"2022-06-20 03:37:42",
"2022-11-06 20:15:25",
"2022-08-20 04:32:57",
"2022-09-08 19:23:42",
"2022-08-20 18:49:53",
"2022-11-08 12:51:33",
"2022-06-24 22:04:00",
"2022-02-08 05:32:50",
"2022-03-10 19:45:16",
"2022-04-27 20:51:29",
"2022-04-28 16:39:52",
"2022-04-16 10:42:17",
"2022-03-22 02:10:23",
"2022-01-14 08:05:39",
"2022-05-23 20:17:02",
"2022-01-14 01:01:09",
"2022-06-13 20:14:45",
"2022-09-04 05:33:19",
"2022-01-07 02:53:18",
"2022-02-18 18:05:39",
"2022-07-04 14:42:49",
"2022-03-25 11:30:17",
"2022-01-19 23:15:32",
"2022-12-28 22:53:32"
